_ID,USERID,USERUID,PHOENNUM,NICKNAME,RECENTPAYAVG,SIGNUPDATE,TIMELOG,PROFILEIMG
1,dnda@naver.com,0DXIzrPVTkY4lngfxdvffI97bIH2,‘8226176643’,혼방사,700000,20.2.21.,,
2,da21@naver.com,w2S4BrvXVvTK8FSFx2pUyFsjS9TAukR,‘8257399042’,잠방이,700000,20.2.22.,,
3,aidmms@naver.com,jHBeqpdk6afvjbx6Z9brAZF4s2EQUR2,‘8276239943’,색온도,700000,20.2.23.,,
4,dawwd@naver.com,EgkWDTGv4YvTE2MR32qz2VLTFhz39hg,8276239522’,민해,700000,20.2.24.,,
5,dkksjw@naver.com,gQ4YzQZFAqEA9APA9u8H5AB3XYjqxtw,‘8238978255’,설형,700000,20.2.25.,,
6,ddksll1@naver.com,64SFgFc3DeXCpF6Wq9bdzgjXm4Q695s,‘8223103643’,인사비리,700000,20.2.26.,,
7,dands12@naver.com,LaHYw9eRAywAEeX7dGJxRQVtkvt4mbM,‘8275366428’,피의자,700000,20.2.27.,,
8,fskkwl@naver.com,hf6dBTrF8PpQVn9tEWLmdyd4Tz3VLzd,‘8290101169’,닌네임,700000,20.2.28.,,
9,dajdsk2@naver.com,z29SHYs6LPSjEAA6qEVdckG6LrdV9kN,‘8290101170’,Allow,700000,20.2.29.,,
10,dsajdam12@naver.com,ZHayvextzEWK3gWc5SFZjGSYsXEDkmk,‘8241731224’,Aimlow,700000,20.3.1.,,
11,dssada12@naver.com,SYN9khK36cSpy2N4cgHzG5MTvYnaK9F,‘8205391062’,Lover,700000,20.3.2.,,
12,dsadm12@naver.com,xHCpYnjE4dSMWSzrqzpCmLHKU25kCQc,‘8282949586’,Eleven,700000,20.3.3.,,
13,dsjmmdm1@naver.com,cWAzB45XFrjSTAcc2BLuVUjtJfZMR6g,‘8270299773’,Winning,700000,20.3.4.,,
14,dmmsd2@naver.com,C7bF9aaGH8BN6973H4CANpuVyeaWnNk,‘8276780806’,닉크,700000,20.3.5.,,
15,dam1@naver.com,URUr4FuZBdmuYhbk5HafM7fscWs5RtA,‘8292178379’,네이므,700000,20.3.6.,,
16,cnrhs1@naver.com,2uR23MxYnJ24eQcPDQeTZhr7cw9L5Db,‘8280187052’,네네네,700000,20.3.7.,,
17,dajsan2@naver.com,wMYFjMMfngfEN4RbkTXuN8uqdGjaCyP,‘8211693599’,니니니,700000,20.3.8.,,
18,ldikip2@gmail.com,UAxRz6YrbsSdzuqdqSUpUQfCajspskT,‘8222041980’,후후,700000,20.3.9.,,
19,dskskk2@gmail.com,EKLJq2mSa9M4wDYvNKNqNUfV5jpSt7p,‘8294132204’,칵크,700000,20.3.10.,,
20,kslj2@gmail.com,L96q8JYnBf7cBYyqspeEaKFNuBn3tuf,‘8228395750’,크컥,700000,20.3.11.,,
21,sokr@gmail.com,JjtXG3WW5ddDG5z9H9FGzC6brKPbrgq,8271313075’,닉닉네넨이미미,700000,20.3.12.,,
22,hither@gmail.com,NYjvANsg6Z3ZWyhZkK6QwxgFvMDUSFb,‘8202770445’,할머니입니다,700000,20.3.13.,,
23,aimlow@gmail.com,DHWTtZCvZqvKJsHrKzb4Hjse2YyDEfL,‘8213791727’,할애비입니다,700000,20.3.14.,,
24,hjhjs@gmail.com,uHZkkWtmbGSFWVfqUv42qBC8zMRBSff,‘8212133412’,흐호호,700000,20.3.15.,,
25,lop@gmail.com,wasFfRyfMCn6mRdQvaPUVC4XXPU2C5b,‘8294769166’,샤샷,700000,20.3.16.,,
26,lux@gmail.com,keJLuE7naukYErmPXR54TFcK4BV9ybX,‘8218995619’,크발,700000,20.3.17.,,
27,hassvs@gmail.com,rDt2Csn5z2uTWBbzsT75auU22Bhr4Uq,‘8213668132’,주발,700000,20.3.18.,,
28,sopt@gmail.com,8a6Dw43a3t579GPKjuBq73yDDxprmMt,‘8281365386’,슨발,700000,20.3.19.,,
29,link@gmail.com,jcRzaSAtWvXyYUZBuWwpJ4FyMtJ3yqK,‘8241024343’,배고파,700000,20.3.20.,,
30,logos@gmail.com,XfUfr9jr9VFdyDKG3Jwvb5QanzAqU7c,8218944619’,진짜,700000,20.3.21.,,
31,yang@gmail.com,E9X4yLYduP3surrTcfQv8AmbNT3R5bT,‘8292391915’,배가너무고파,700000,20.3.22.,,
32,lee@gmail.com,yfvSnAyLQXaH6uxmAfG7AxZDjTZjwLx,‘8226647061’,언제밥,700000,20.3.23.,,
33,ji@gmail.com,bYnucv7emfJf4LqL8MxtDdKu7K293g3,‘8294264683’,먹을까,700000,20.3.24.,,
34,seok@gmail.com,HwUN5UL5qjGYjRBDYQcnK7bM7F9YqjW,‘8216506821’,하하히,700000,20.3.25.,,
35,insta@gmail.com,7HTCGn9NGsZuPQzd4L8dkCB7UuFCVAz,‘8279984504’,호호히,700000,20.3.26.,,
36,ohuya@gmail.com,uPytEnau7LFhXuUnAatKkRKp8GEAxTe,‘8283022213’,하하히호호히,700000,20.3.27.,,
37,loveya@gmail.com,xaSePccLvVMTrPM7QGr96hmgZTGyJAq,‘8293712045’,Kids,700000,20.3.28.,,
38,logsp@gmail.com,yy4R87AdV9HuXWkNgCMAVrswRy8U272,8294232045’,Dsjj2,700000,20.3.29.,,
39,mojotf@gmail.com,PEyRdjbn7AbtUtBBR3ndLzfg9XkXKpn,‘8276691974’,Kis2,700000,20.3.30.,,
40,loss@gmail.com,LSsKCweXpE2k9GjBzc5tGpXvc72eDN8,‘8260938322’,Jan,700000,20.3.31.,,
41,igotaboy@gmail.com,mkpCQYn9R4w7XRTPqXRF8JDZaUXqHqK,‘8288528147’,Pick,700000,20.4.1.,,
42,yogogirl@gmail.com,p3FLkbvZL7VPH7yEv3BUqmsxUM9LTgX,‘8259295901’,Call,700000,20.4.2.,,
43,last@gmail.com,eyj3bwbkpfV3wQkMa5F2K2rc5NnAXqA,‘8227484277’,Lol,700000,20.4.3.,,
44,lops@gmail.com,Zm3rNxkaDanMxjUX5EbMxEgUbVpg7Uu,‘8228380661’,Over,700000,20.4.4.,,
45,aimhigh53@gmail.com,kYcDpjAmzpmY3yQHws4wu2Yscn3eLQP,‘8231767398’,Dose,700000,20.4.5.,,
46,iopsd@gmail.com,ehCRbkxvmV4pxJQ3Se2kXBwLjhaQBH4,‘8251791317’,Dow,700000,20.4.6.,,
47,hope@gmail.com,zrpzM4vphnnUXkSjD5954y8UQdGM8EG,‘8206485992’,Ad,700000,20.4.7.,,
48,hooni@gmail.com,37zfFnLzzvPAGMB2KsTN92VXjFT65HF,‘8263757310’,Johns,700000,20.4.8.,,
49,ins25k53@gmail.com,VVhf942cj7cNNnsckf927cGzQtYTHFX,‘8203885115’,Hhh,700000,20.4.9.,,
50,lotory@gmail.com,kCp688mbcGxjsLM6cbnWWV6tq7EQfN5,‘8269696341’,Pa,700000,20.4.10.,,
51,observertory@hanmail.net,b7AvUEvRZbPez42jHBqnvFhA4JD7yGX,‘8265512766’,Pu,700000,20.4.11.,,
52,inow@hanmail.net,ByHhHMPukvGmBERRbQ92qXt58VetDVT,‘8248038555’,Anew,700000,20.4.12.,,
53,knos@hanmail.net,rYr9h4qHBQhwvwQDAqKBXDPavqmebER,‘8291499219’,Ma,700000,20.4.13.,,
54,samsung@hanmail.net,ktDLs6Nh2DtSjTXPFPEPJ8wCqXTCVqS,‘8261895977’,Mads,700000,20.4.14.,,
55,smajot@hanmail.net,b744Sa53QdQZK4MrMUEsx3PxfwnqzJb,‘8259511037’,Kksjw,700000,20.4.15.,,
56,lolo@hanmail.net,hVPEpwSWZ9pHmrL85tFnbPmQ6cLdBSp,‘8210655538’,Loco,700000,20.4.16.,,
57,kst@hanmail.net,xfyQSWeXx8yyzKUm8dWGBbpxmF4RXs6,‘8226016384’,Hun,700000,20.4.17.,,
58,kal@hanmail.net,rjpsKAc29Q5r8QtCvrC9T4gkS2U23hM,‘8286870439’,Gry,700000,20.4.18.,,
59,val@hanmail.net,fJa8HfQes8EcWxHtDC6TMzGH6p6KDng,‘8254917543’,Calf,700000,20.4.19.,,
60,ssul@hanmail.net,GXPeR2JQVkQxbAPjgmEqYmbhuw2Vzky,‘8296159523’,Clef,700000,20.4.20.,,
61,logo@hanmail.net,VLBWJRZX9vEDcLucZuWGdJ3ss3PYDMk,‘8220303402’,Amaz,700000,20.4.21.,,